ML Catalog Number,Common Name,Date,Average Community Rating,Number of Ratings
634190097,Acorn Woodpecker,2025-04-21,0.0,0
634190093,Red-shouldered Hawk (elegans),2025-04-21,0.0,0
634190092,Red-shouldered Hawk (elegans),2025-04-21,0.0,0
634190084,Cooper's Hawk,2025-04-21,0.0,0
634190083,Cooper's Hawk,2025-04-21,0.0,0
634190081,Cooper's Hawk,2025-04-21,0.0,0
634190079,Cooper's Hawk,2025-04-21,0.0,0
634190078,Cooper's Hawk,2025-04-21,0.0,0
634190082,Cooper's Hawk,2025-04-21,0.0,0
634190080,Cooper's Hawk,2025-04-21,0.0,0
634190066,Anna's Hummingbird,2025-04-21,0.0,0
634190065,Anna's Hummingbird,2025-04-21,0.0,0
634190021,Wood Duck,2025-04-21,0.0,0
634067105,Song Sparrow,2025-04-19,0.0,0
634067089,House Sparrow,2025-04-19,0.0,0
634067087,House Sparrow,2025-04-19,0.0,0
634067080,Western Bluebird,2025-04-19,0.0,0
634067078,Western Bluebird,2025-04-19,0.0,0
634067079,Western Bluebird,2025-04-19,0.0,0
634067062,Northern Mockingbird,2025-04-19,0.0,0
634067056,American Crow,2025-04-19,0.0,0
634067050,Brown Pelican (California),2025-04-19,0.0,0
634067040,Brown Pelican (California),2025-04-19,0.0,0
634067030,Double-crested Cormorant,2025-04-19,0.0,0
634067017,Western Grebe,2025-04-19,0.0,0
634067014,Western Grebe,2025-04-19,0.0,0
634067005,Western Gull,2025-04-19,0.0,0
634067000,Anna's Hummingbird,2025-04-19,0.0,0
634066998,Anna's Hummingbird,2025-04-19,0.0,0
634066999,Anna's Hummingbird,2025-04-19,0.0,0
634066997,Anna's Hummingbird,2025-04-19,0.0,0
634066990,Anna's Hummingbird,2025-04-19,0.0,0
634066985,Anna's Hummingbird,2025-04-19,0.0,0
633872156,Northern Cardinal,2025-04-16,0.0,0
633872155,Northern Cardinal,2025-04-16,0.0,0
633872146,Purple Finch (Eastern),2025-04-16,0.0,0
633872121,Carolina x Black-capped Chickadee (hybrid),2025-04-16,0.0,0
633872123,Carolina x Black-capped Chickadee (hybrid),2025-04-16,0.0,0
633872122,Carolina x Black-capped Chickadee (hybrid),2025-04-16,0.0,0
633872120,Carolina x Black-capped Chickadee (hybrid),2025-04-16,0.0,0
633872113,Carolina x Black-capped Chickadee (hybrid),2025-04-16,0.0,0
633872111,Blue Jay,2025-04-16,0.0,0
633872109,Pileated Woodpecker,2025-04-16,0.0,0
633872106,Pileated Woodpecker,2025-04-16,0.0,0
633872099,Red-bellied Woodpecker,2025-04-16,0.0,0
633858664,Pileated Woodpecker,2025-04-16,0.0,0
633729510,Boat-tailed Grackle,2025-04-14,0.0,0
633729511,Boat-tailed Grackle,2025-04-14,0.0,0
633729512,Boat-tailed Grackle,2025-04-14,0.0,0
633729513,Boat-tailed Grackle,2025-04-14,0.0,0
633729502,Common Myna,2025-04-14,0.0,0
633729503,Common Myna,2025-04-14,0.0,0
633729501,Common Myna,2025-04-14,0.0,0
633729500,Common Myna,2025-04-14,0.0,0
633729470,Brown Pelican (Atlantic),2025-04-13,0.0,0
633615839,Fish Crow,2025-04-12,0.0,0
633615819,Rock Pigeon (Feral Pigeon),2025-04-12,0.0,0
633615816,Laughing Gull,2025-04-12,0.0,0
633615815,Laughing Gull,2025-04-12,0.0,0
633596435,White-eyed Parakeet,2025-04-12,0.0,0
633596434,White-eyed Parakeet,2025-04-12,0.0,0
633594977,Blue Jay,2025-04-12,0.0,0
633594976,Blue Jay,2025-04-12,0.0,0
633594968,Caspian Tern,2025-04-12,0.0,0
633594969,Caspian Tern,2025-04-12,0.0,0
633594920,Barn Swallow,2025-04-11,0.0,0
633594913,Forster's Tern,2025-04-11,0.0,0
633594908,Greater Yellowlegs,2025-04-11,0.0,0
633594897,Whimbrel,2025-04-11,0.0,0
633594891,Ruddy Duck,2025-04-11,0.0,0
633461997,Northern House Wren,2025-04-09,0.0,0
633461998,Northern House Wren,2025-04-09,0.0,0
633461990,Spotted Towhee,2025-04-09,0.0,0
633461964,Common Goldeneye,2025-04-09,0.0,0
633461965,Common Goldeneye,2025-04-09,0.0,0
633461973,Anna's Hummingbird,2025-04-09,0.0,0
633461974,Anna's Hummingbird,2025-04-09,0.0,0
633461963,Common Goldeneye,2025-04-09,0.0,0
633422876,Muscovy Duck (Domestic type),2025-04-08,0.0,0
633422907,Western Cattle-Egret,2025-04-08,0.0,0
633422915,Western Cattle-Egret,2025-04-08,0.0,0
633422922,Western Cattle-Egret,2025-04-08,0.0,0
633422899,Western Cattle-Egret,2025-04-08,0.0,0
633422888,Black-crowned Night Heron,2025-04-08,0.0,0
633422885,Double-crested Cormorant,2025-04-08,0.0,0
633422873,Muscovy Duck (Domestic type),2025-04-08,0.0,0
633422872,Muscovy Duck (Domestic type),2025-04-08,0.0,0
633422864,Canada Goose,2025-04-08,0.0,0
633422859,Canada Goose,2025-04-08,0.0,0
633422853,Canada Goose,2025-04-08,5.0,1
633390510,Loggerhead Shrike,2025-04-07,0.0,0
633390505,Red-tailed Hawk,2025-04-07,0.0,0
633390504,Red-tailed Hawk,2025-04-07,0.0,0
633390486,Wild Turkey,2025-04-07,5.0,1
633390021,Turkey Vulture,2025-04-07,0.0,0
633390000,California Towhee,2025-04-07,0.0,0
633389986,Canyon Wren,2025-04-07,0.0,0
633389977,Canyon Wren,2025-04-07,0.0,0
633389978,Canyon Wren,2025-04-07,0.0,0
633389971,Canyon Wren,2025-04-07,0.0,0
633389917,Yellow-billed Magpie,2025-04-07,0.0,0
633389905,Yellow-billed Magpie,2025-04-07,0.0,0
633302516,Spotted Towhee,2025-04-06,0.0,0
633302510,Pacific Wren,2025-04-06,1.5,2
633178053,Spotted Towhee,2025-04-04,0.0,0
633178054,Spotted Towhee,2025-04-04,0.0,0
633178000,Western Kingbird,2025-04-04,0.0,0
633177980,Great Horned Owl,2025-04-04,0.0,0
633177991,American Kestrel,2025-04-04,0.0,0
633177992,American Kestrel,2025-04-04,0.0,0
633177978,Great Horned Owl,2025-04-04,0.0,0
633177979,Great Horned Owl,2025-04-04,0.0,0
633177973,Great Horned Owl,2025-04-04,0.0,0
633177958,Great Horned Owl,2025-04-04,0.0,0
633177944,Red-tailed Hawk,2025-04-04,0.0,0
633177923,Cooper's Hawk,2025-04-04,0.0,0
633177924,Cooper's Hawk,2025-04-04,0.0,0
633177914,Cooper's Hawk,2025-04-04,0.0,0
633139855,Belted Kingfisher,2025-04-03,0.0,0
633139854,Belted Kingfisher,2025-04-03,0.0,0
633139850,Osprey,2025-04-03,0.0,0
633139849,Osprey,2025-04-03,0.0,0
633139843,Osprey,2025-04-03,0.0,0
633139826,Anna's Hummingbird,2025-04-03,0.0,0
633117134,Bald Eagle,2025-04-03,0.0,0
633117132,Bald Eagle,2025-04-03,0.0,0
633117130,Bald Eagle,2025-04-03,0.0,0
633117128,Northern Flicker,2025-04-03,0.0,0
633117099,Eared Grebe,2025-04-03,0.0,0
633117093,Anna's Hummingbird,2025-04-03,0.0,0
633117091,Anna's Hummingbird,2025-04-03,0.0,0
633117084,Anna's Hummingbird,2025-04-03,0.0,0
633081821,Ruddy Duck,2025-04-02,0.0,0
633081765,Common Merganser,2025-04-02,0.0,0
633081766,Common Merganser,2025-04-02,0.0,0
633081759,Ring-necked Duck,2025-04-02,0.0,0
633081736,Ring-necked Duck,2025-04-02,0.0,0
633081730,Mallard (Domestic type),2025-04-02,0.0,0
633081729,Mallard (Domestic type),2025-04-02,0.0,0
633052164,California Scrub-Jay,2025-04-01,0.0,0
633052108,Golden-crowned Sparrow,2025-04-01,0.0,0
633052083,Chestnut-backed Chickadee,2025-04-01,0.0,0
633052072,Steller's Jay (Coastal),2025-04-01,0.0,0
633052069,Red-tailed Hawk,2025-04-01,0.0,0
633052068,Red-tailed Hawk,2025-04-01,0.0,0
633052070,Red-tailed Hawk,2025-04-01,0.0,0
633052063,Allen's Hummingbird,2025-04-01,0.0,0
633052056,Allen's Hummingbird,2025-04-01,0.0,0
633052053,Allen's Hummingbird,2025-04-01,0.0,0
633052047,Anna's Hummingbird,2025-04-01,0.0,0
633052045,California Quail,2025-04-01,0.0,0
633052043,California Quail,2025-04-01,0.0,0
633052042,California Quail,2025-04-01,0.0,0
633051865,Dark-eyed Junco,2025-04-01,3.67,3
633051861,Western Bluebird,2025-04-01,0.0,0
633051853,Western Bluebird,2025-04-01,0.0,0
633051852,Barn Swallow,2025-04-01,5.0,1
633051840,Red-tailed Hawk,2025-04-01,2.0,1
633051839,Red-tailed Hawk,2025-04-01,2.5,2
633051830,Snowy Egret,2025-04-01,0.0,0
633051821,Anna's Hummingbird,2025-04-01,4.0,2
633051808,Cinnamon Teal,2025-04-01,4.0,2
633051798,Western Gull,2025-04-01,0.0,0
632854729,Cliff Swallow,2025-03-29,0.0,0
632854720,Western Kingbird,2025-03-29,0.0,0
632854713,Great Horned Owl,2025-03-29,0.0,0
632854711,Great Horned Owl,2025-03-29,0.0,0
632854707,Red-tailed Hawk,2025-03-29,0.0,0
632854704,Red-tailed Hawk,2025-03-29,0.0,0
632854691,Cooper's Hawk,2025-03-29,0.0,0
632854692,Cooper's Hawk,2025-03-29,0.0,0
632854682,Black-crowned Night Heron,2025-03-29,0.0,0
632814284,Dark-eyed Junco,2025-03-28,0.0,0
632814291,Song Sparrow,2025-03-28,0.0,0
632814282,Dark-eyed Junco,2025-03-28,0.0,0
632814281,Dark-eyed Junco,2025-03-28,0.0,0
632814292,Song Sparrow,2025-03-28,0.0,0
632814283,Dark-eyed Junco,2025-03-28,0.0,0
632814270,Purple Finch,2025-03-28,0.0,0
632814266,Purple Finch,2025-03-28,0.0,0
632814256,Red-breasted Nuthatch,2025-03-28,0.0,0
632814246,Red-breasted Nuthatch,2025-03-28,0.0,0
632814233,Mountain Chickadee,2025-03-28,0.0,0
632814229,Mountain Chickadee,2025-03-28,0.0,0
632814223,Steller's Jay,2025-03-28,0.0,0
632814221,Steller's Jay,2025-03-28,0.0,0
632814222,Steller's Jay,2025-03-28,0.0,0
632814218,Steller's Jay,2025-03-28,5.0,2
632814208,Ruddy Duck,2025-03-28,0.0,0
632814197,Ring-necked Duck,2025-03-28,0.0,0
632814087,Red-breasted Nuthatch,2025-03-28,0.0,0
632814078,Red Crossbill,2025-03-28,0.0,0
632814073,Brown Creeper,2025-03-28,0.0,0
632670422,California Gull,2025-03-24,0.0,0
632670423,California Gull,2025-03-24,0.0,0
632670158,Nuttall's Woodpecker,2025-03-25,0.0,0
632670141,Cliff Swallow,2025-03-25,2.0,1
632670129,House Sparrow,2025-03-25,0.0,0
632670047,Osprey (American),2025-03-25,0.0,0
632670026,Osprey (American),2025-03-25,0.0,0
632670022,Osprey (American),2025-03-25,0.0,0
632669997,Osprey (American),2025-03-25,0.0,0
632669969,Anna's Hummingbird,2025-03-25,0.0,0
632669961,Common Merganser,2025-03-25,0.0,0
632669960,Common Merganser,2025-03-25,0.0,0
632669962,Common Merganser,2025-03-25,0.0,0
632669959,Common Merganser,2025-03-25,0.0,0
632628920,Eared Grebe,2025-03-24,0.0,0
632628904,Eared Grebe,2025-03-24,0.0,0
632628881,Greater Yellowlegs,2025-03-24,0.0,0
632628850,Wilson's Snipe,2025-03-24,0.0,0
632628848,Wilson's Snipe,2025-03-24,0.0,0
632628849,Wilson's Snipe,2025-03-24,0.0,0
632628847,Wilson's Snipe,2025-03-24,0.0,0
632628846,Wilson's Snipe,2025-03-24,0.0,0
632628837,Long-billed Dowitcher,2025-03-24,0.0,0
632628810,Black-bellied Plover,2025-03-24,0.0,0
632628788,Black-bellied Plover,2025-03-24,0.0,0
632628636,Snowy Egret,2025-03-24,0.0,0
632576435,Northern Mockingbird,2025-03-23,0.0,0
632576430,Lesser Goldfinch,2025-03-23,0.0,0
632576423,Northern Mockingbird,2025-03-23,0.0,0
632576413,American Kestrel,2025-03-23,0.0,0
632576405,Great Horned Owl,2025-03-23,0.0,0
632576398,Red-shouldered Hawk,2025-03-23,0.0,0
632576397,Red-shouldered Hawk,2025-03-23,0.0,0
632576386,Ring-necked Duck,2025-03-23,0.0,0
632576380,Wood Duck,2025-03-23,0.0,0
632505381,Golden-crowned Sparrow,2025-03-22,0.0,0
632505380,Golden-crowned Sparrow,2025-03-22,0.0,0
632505359,Phainopepla,2025-03-22,0.0,0
632505349,Western Bluebird,2025-03-22,0.0,0
632505331,Western Bluebird,2025-03-22,0.0,0
632505326,Northern Mockingbird,2025-03-22,0.0,0
632505318,Cliff Swallow,2025-03-22,0.0,0
632505313,Tree Swallow,2025-03-22,0.0,0
632505306,American Kestrel,2025-03-22,0.0,0
632505305,American Kestrel,2025-03-22,0.0,0
632505292,Downy Woodpecker,2025-03-22,0.0,0
632505274,Belted Kingfisher,2025-03-22,0.0,0
632505273,Belted Kingfisher,2025-03-22,0.0,0
632505263,Great Horned Owl,2025-03-22,0.0,0
632505257,Red-tailed Hawk,2025-03-22,0.0,0
632505256,Red-tailed Hawk,2025-03-22,0.0,0
632505224,Black-crowned Night Heron,2025-03-22,0.0,0
632505189,Double-crested Cormorant,2025-03-22,0.0,0
632505180,Spotted Sandpiper,2025-03-22,0.0,0
632505179,Spotted Sandpiper,2025-03-22,0.0,0
632505133,Green-winged Teal,2025-03-22,0.0,0
632505083,Cinnamon Teal,2025-03-22,0.0,0
632462822,Oak Titmouse,2025-03-21,0.0,0
632462821,Oak Titmouse,2025-03-21,0.0,0
632462816,Western Kingbird,2025-03-21,0.0,0
632462809,Red-tailed Hawk,2025-03-21,0.0,0
632462801,California Gull,2025-03-21,0.0,0
632462795,Anna's Hummingbird,2025-03-21,0.0,0
632462792,Anna's Hummingbird,2025-03-21,0.0,0
632462796,Anna's Hummingbird,2025-03-21,0.0,0
632462793,Anna's Hummingbird,2025-03-21,0.0,0
632462794,Anna's Hummingbird,2025-03-21,0.0,0
632462791,Anna's Hummingbird,2025-03-21,0.0,0
632462785,Anna's Hummingbird,2025-03-21,0.0,0
632462783,Anna's Hummingbird,2025-03-21,0.0,0
632424968,Common Raven,2025-03-20,0.0,0
632424959,Great Egret,2025-03-20,3.0,1
632424967,Common Raven,2025-03-20,0.0,0
632424964,Red-tailed Hawk,2025-03-20,1.0,1
632424960,Great Egret,2025-03-20,0.0,0
632424955,Anna's Hummingbird,2025-03-20,0.0,0
632424954,Anna's Hummingbird,2025-03-20,0.0,0
632424953,Anna's Hummingbird,2025-03-20,0.0,0
632424948,Gadwall,2025-03-20,0.0,0
632424947,Gadwall,2025-03-20,0.0,0
632363668,Phainopepla,2025-03-19,0.0,0
632363667,Phainopepla,2025-03-19,0.0,0
632363666,Phainopepla,2025-03-19,0.0,0
632363651,Northern Mockingbird,2025-03-19,0.0,0
632363618,Tree Swallow,2025-03-19,0.0,0
632363619,Tree Swallow,2025-03-19,0.0,0
632363620,Tree Swallow,2025-03-19,0.0,0
632363621,Tree Swallow,2025-03-19,0.0,0
632363617,Tree Swallow,2025-03-19,0.0,0
632363606,Common Raven,2025-03-19,0.0,0
632363591,Black Phoebe,2025-03-19,0.0,0
632363583,American Kestrel,2025-03-19,0.0,0
632363577,Nuttall's Woodpecker,2025-03-19,0.0,0
632363566,Acorn Woodpecker,2025-03-19,0.0,0
632363567,Acorn Woodpecker,2025-03-19,0.0,0
632363565,Acorn Woodpecker,2025-03-19,0.0,0
632363547,Red-tailed Hawk,2025-03-19,0.0,0
632363549,Red-tailed Hawk,2025-03-19,0.0,0
632363548,Red-tailed Hawk,2025-03-19,0.0,0
632363539,Turkey Vulture,2025-03-19,0.0,0
632363522,Pied-billed Grebe,2025-03-19,0.0,0
632363508,Anna's Hummingbird,2025-03-19,0.0,0
632363507,Anna's Hummingbird,2025-03-19,0.0,0
632363500,Anna's Hummingbird,2025-03-19,0.0,0
632363496,Common Merganser (North American),2025-03-19,0.0,0
632363497,Common Merganser (North American),2025-03-19,0.0,0
632363480,Common Goldeneye,2025-03-19,0.0,0
632363481,Common Goldeneye,2025-03-19,0.0,0
632363463,Bufflehead,2025-03-19,0.0,0
632363452,Green-winged Teal,2025-03-19,0.0,0
632363448,Mallard,2025-03-19,0.0,0
632363444,American Wigeon,2025-03-19,0.0,0
632363439,Cinnamon Teal,2025-03-19,0.0,0
632319790,Savannah Sparrow,2025-03-18,0.0,0
632319782,Phainopepla,2025-03-18,0.0,0
632319776,Phainopepla,2025-03-18,3.0,1
632319763,Northern Mockingbird,2025-03-18,0.0,0
632319747,European Starling,2025-03-18,0.0,0
632319721,swallow sp.,2025-03-18,0.0,0
632319720,swallow sp.,2025-03-18,0.0,0
632319722,swallow sp.,2025-03-18,0.0,0
632319719,swallow sp.,2025-03-18,0.0,0
632319706,Violet-green Swallow,2025-03-18,0.0,0
632319705,Violet-green Swallow,2025-03-18,0.0,0
632319704,Violet-green Swallow,2025-03-18,0.0,0
632319691,Common Raven,2025-03-18,0.0,0
632319688,California Scrub-Jay,2025-03-18,0.0,0
632319664,Black Phoebe,2025-03-18,0.0,0
632319650,Acorn Woodpecker,2025-03-18,0.0,0
632319643,Red-shouldered Hawk (elegans),2025-03-18,0.0,0
632319644,Red-shouldered Hawk (elegans),2025-03-18,0.0,0
632319631,Red-shouldered Hawk (elegans),2025-03-18,0.0,0
632319620,Turkey Vulture,2025-03-18,0.0,0
632319615,Great Egret,2025-03-18,0.0,0
632319610,Double-crested Cormorant,2025-03-18,0.0,0
632319588,Pied-billed Grebe,2025-03-18,0.0,0
632319587,Pied-billed Grebe,2025-03-18,0.0,0
632319557,Killdeer,2025-03-18,0.0,0
632319553,Eurasian Collared-Dove,2025-03-18,0.0,0
632319546,Rock Pigeon (Feral Pigeon),2025-03-18,0.0,0
632319542,Common Goldeneye,2025-03-18,0.0,0
632319541,Common Goldeneye,2025-03-18,0.0,0
632319540,Common Goldeneye,2025-03-18,0.0,0
632319539,Common Goldeneye,2025-03-18,0.0,0
632319524,Bufflehead,2025-03-18,0.0,0
632319502,Ring-necked Duck,2025-03-18,0.0,0
632319494,Ring-necked Duck,2025-03-18,0.0,0
632319478,Mallard (Domestic type),2025-03-18,0.0,0
632319477,Mallard (Domestic type),2025-03-18,0.0,0
632319457,Mallard,2025-03-18,0.0,0
632319395,American Wigeon,2025-03-18,0.0,0
632319396,American Wigeon,2025-03-18,0.0,0
632319370,American Wigeon,2025-03-18,0.0,0
632319322,Cinnamon Teal,2025-03-18,0.0,0
632319294,Cinnamon Teal,2025-03-18,0.0,0
632319289,Wood Duck,2025-03-18,0.0,0
632133506,Yellow-bellied Sapsucker,2025-03-14,0.0,0
632133504,Yellow-bellied Sapsucker,2025-03-14,0.0,0
632133503,Yellow-bellied Sapsucker,2025-03-14,0.0,0
632133505,Yellow-bellied Sapsucker,2025-03-14,0.0,0
632133456,Hutton's Vireo (Interior),2025-03-14,0.0,0
632126413,Broad-billed Hummingbird,2025-03-14,3.0,1
632126408,Yellow-eyed Junco,2025-03-14,4.5,2
632126388,Hepatic Tanager (Northern),2025-03-14,4.5,2
632126381,Arizona Woodpecker,2025-03-14,4.0,2
632126380,Arizona Woodpecker,2025-03-14,4.0,1
632126369,Wild Turkey,2025-03-14,4.0,1
632126361,Lincoln's Sparrow,2025-03-14,5.0,1
632126356,Gila Woodpecker,2025-03-14,4.0,1
632126351,Bridled Titmouse,2025-03-14,4.0,1
632126348,Bridled Titmouse,2025-03-14,4.0,4
632126346,White-winged Dove,2025-03-14,4.33,3
632126345,White-winged Dove,2025-03-14,5.0,2
632126343,Painted Redstart,2025-03-14,4.0,1
632126342,Painted Redstart,2025-03-14,4.5,2
632126333,Rivoli's Hummingbird,2025-03-14,5.0,1
632126329,House Finch (Common),2025-03-14,4.0,1
632126324,Mexican Jay (Arizona),2025-03-14,4.67,3
632126313,Greater Pewee,2025-03-14,3.0,1
632126311,Greater Pewee,2025-03-14,4.0,1
632126306,Hermit Thrush,2025-03-14,5.0,1
632126278,Broad-tailed Hummingbird,2025-03-14,5.0,2
632126276,Broad-tailed Hummingbird,2025-03-14,5.0,1
632126275,Broad-tailed Hummingbird,2025-03-14,5.0,1
632126274,Broad-tailed Hummingbird,2025-03-14,5.0,2
632126249,Common Yellowthroat,2025-03-14,3.0,1
632126238,Vermilion Flycatcher,2025-03-14,4.0,1
632126233,Costa's Hummingbird,2025-03-14,5.0,1
632126231,Costa's Hummingbird,2025-03-14,4.0,1
632126228,Costa's Hummingbird,2025-03-14,5.0,2
632126214,Broad-tailed Hummingbird,2025-03-14,4.8,5
632126151,Red Phalarope,2025-03-14,3.0,1
632126150,Red Phalarope,2025-03-14,3.5,2
632126137,Vermilion Flycatcher,2025-03-14,5.0,1
632126136,Brown Creeper,2025-03-14,4.5,2
632126125,Mexican Duck,2025-03-14,4.0,1
632126021,House Sparrow,2025-03-14,3.0,1
632126017,Eared Grebe,2025-03-14,3.0,1
632126014,Northern Rough-winged Swallow,2025-03-14,3.0,1
632125995,Northern Rough-winged Swallow,2025-03-14,3.0,2
632125996,Northern Rough-winged Swallow,2025-03-14,3.0,1
632125975,Violet-green Swallow,2025-03-14,3.0,1
632125977,Violet-green Swallow,2025-03-14,3.0,1
632125971,Violet-green Swallow,2025-03-14,3.5,2
632125963,Violet-green Swallow,2025-03-14,3.67,3
632125953,Mexican Duck,2025-03-14,4.5,2
632125954,Mexican Duck,2025-03-14,3.0,1
632125950,Double-crested Cormorant,2025-03-14,3.0,1
632125901,Cassin's Vireo,2025-03-14,4.5,2
632125907,Black Vulture,2025-03-14,3.5,2
632125879,Yellow Warbler (Northern),2025-03-14,3.0,1
632125887,Ladder-backed Woodpecker,2025-03-14,4.0,1
632125882,Ladder-backed Woodpecker,2025-03-14,4.0,1
632125877,Yellow Warbler (Northern),2025-03-14,3.0,1
632125848,Ladder-backed Woodpecker,2025-03-14,3.0,1
632125763,Wilson's Warbler,2025-03-14,2.0,1
632125759,Wilson's Warbler,2025-03-14,2.0,1
632125744,Osprey (American),2025-03-14,2.0,1
632125722,Bullock's Oriole,2025-03-14,3.0,1
632125708,Spotted Towhee (maculatus Group),2025-03-14,5.0,1
632125724,Bullock's Oriole,2025-03-14,2.0,1
632125741,Osprey (American),2025-03-14,4.0,1
632125707,Green-tailed Towhee,2025-03-14,4.0,2
632125719,Bullock's Oriole,2025-03-14,4.0,1
632125689,Black-throated Sparrow,2025-03-14,4.0,1
632124984,Lazuli Bunting,2025-03-14,4.0,1
632124981,Lazuli Bunting,2025-03-14,4.0,2
632124980,Lazuli Bunting,2025-03-14,4.0,1
632124936,Pyrrhuloxia,2025-03-14,4.0,2
632124912,Pyrrhuloxia,2025-03-14,4.0,1
632124883,Northern Cardinal,2025-03-14,3.0,1
632124880,Northern Cardinal,2025-03-14,5.0,1
632124881,Northern Cardinal,2025-03-14,5.0,1
632124837,Northern Cardinal,2025-03-14,4.0,2
632124817,Green-tailed Towhee,2025-03-14,5.0,1
632124797,Canyon Towhee,2025-03-14,4.0,1
632124798,Canyon Towhee,2025-03-14,4.0,2
632124755,Lesser Goldfinch,2025-03-14,3.0,1
632124751,Curve-billed Thrasher (palmeri Group),2025-03-14,4.0,1
632124750,Curve-billed Thrasher (palmeri Group),2025-03-14,4.0,1
632124734,Curve-billed Thrasher (palmeri Group),2025-03-14,5.0,1
632124672,Gila Woodpecker,2025-03-14,4.5,2
632124656,Gila Woodpecker,2025-03-14,5.0,1
632124649,Broad-billed Hummingbird,2025-03-14,3.0,1
632124648,Violet-crowned Hummingbird,2025-03-14,4.5,2
632124643,Violet-crowned Hummingbird,2025-03-14,5.0,2
632124635,Broad-billed Hummingbird,2025-03-14,3.0,1
632124634,Broad-billed Hummingbird,2025-03-14,5.0,1
632124608,Broad-billed Hummingbird,2025-03-14,4.0,1
632124597,Broad-billed Hummingbird,2025-03-14,3.0,1
632124594,Anna's Hummingbird,2025-03-14,5.0,1
632124592,Anna's Hummingbird,2025-03-14,4.0,2
632124584,Anna's Hummingbird,2025-03-14,5.0,2
632124553,White-winged Dove,2025-03-14,3.0,1
632124552,White-winged Dove,2025-03-14,4.0,1
632124496,Say's Phoebe,2025-03-14,4.33,3
632078814,Vermilion Flycatcher,2025-03-13,3.0,1
632078809,Vermilion Flycatcher,2025-03-13,3.0,1
632078792,Western Meadowlark,2025-03-13,4.0,2
632078789,Abert's Towhee,2025-03-13,4.0,1
632078785,Sagebrush Sparrow,2025-03-13,2.5,2
632078782,Sage Thrasher,2025-03-13,0.0,0
632078780,Sage Thrasher,2025-03-13,0.0,0
632078738,Bendire's Thrasher,2025-03-13,0.0,0
632078737,Bendire's Thrasher,2025-03-13,0.0,0
632078727,Bendire's Thrasher,2025-03-13,0.0,0
632078711,Bendire's Thrasher,2025-03-13,0.0,0
632078736,Bendire's Thrasher,2025-03-13,0.0,0
632078726,Bendire's Thrasher,2025-03-13,0.0,0
632078716,Bendire's Thrasher,2025-03-13,0.0,0
632078703,Black-tailed Gnatcatcher,2025-03-13,1.0,1
632078702,Black-tailed Gnatcatcher,2025-03-13,0.0,0
632078705,Black-tailed Gnatcatcher,2025-03-13,0.0,0
632078680,Eurasian Collared-Dove,2025-03-13,3.0,1
632078690,Black-tailed Gnatcatcher,2025-03-13,0.0,0
632078679,Eurasian Collared-Dove,2025-03-13,4.0,2
632078624,Red-winged Blackbird (California Bicolored),2025-03-12,4.0,2
632078623,Red-winged Blackbird (California Bicolored),2025-03-12,2.0,1
632078599,Brown-headed Cowbird,2025-03-12,2.5,2
632078595,Brewer's Blackbird,2025-03-12,0.0,0
632078571,Western Meadowlark,2025-03-12,3.5,2
632078572,Western Meadowlark,2025-03-12,4.0,2
632075078,Red-winged Blackbird (Red-winged),2025-03-12,0.0,0
632075079,Red-winged Blackbird (Red-winged),2025-03-12,0.0,0
632075080,Red-winged Blackbird (Red-winged),2025-03-12,0.0,0
632075081,Red-winged Blackbird (Red-winged),2025-03-12,0.0,0
632074992,Savannah Sparrow,2025-03-12,0.0,0
632074988,White-crowned Sparrow,2025-03-12,0.0,0
632074940,House Finch,2025-03-12,0.0,0
632074934,European Starling,2025-03-12,3.0,1
632074920,Eared Grebe,2025-03-12,0.0,0
632074910,Eared Grebe,2025-03-12,0.0,0
632074905,Western Sandpiper,2025-03-12,2.0,1
632074898,Least Sandpiper,2025-03-12,0.0,0
632074897,Dunlin,2025-03-12,0.0,0
632074239,Eared Grebe,2025-03-12,0.0,0
632074220,Cliff Swallow,2025-03-12,0.0,0
632074199,Loggerhead Shrike,2025-03-12,0.0,0
632074197,Loggerhead Shrike,2025-03-12,0.0,0
632074210,Cliff Swallow,2025-03-12,0.0,0
632074198,Loggerhead Shrike,2025-03-12,0.0,0
632074161,Loggerhead Shrike,2025-03-12,0.0,0
632074160,Loggerhead Shrike,2025-03-12,0.0,0
632074159,Loggerhead Shrike,2025-03-12,0.0,0
632074156,Loggerhead Shrike,2025-03-12,0.0,0
632074124,Black-crowned Night Heron,2025-03-12,0.0,0
632074151,Red-tailed Hawk,2025-03-12,0.0,0
632074128,Black-crowned Night Heron,2025-03-12,0.0,0
632074150,Red-tailed Hawk,2025-03-12,0.0,0
632074138,Great Egret,2025-03-12,0.0,0
632074133,Black-crowned Night Heron,2025-03-12,0.0,0
632074112,Eared Grebe,2025-03-12,0.0,0
632074101,Western Sandpiper,2025-03-12,0.0,0
632074094,Least Sandpiper,2025-03-12,0.0,0
632074089,Dunlin,2025-03-12,0.0,0
632074079,Greater Yellowlegs,2025-03-12,0.0,0
632074078,Greater Yellowlegs,2025-03-12,0.0,0
632074066,Long-billed Dowitcher,2025-03-12,0.0,0
632074065,Long-billed Dowitcher,2025-03-12,0.0,0
632074047,Killdeer,2025-03-12,0.0,0
632074040,Black-necked Stilt,2025-03-12,0.0,0
632074020,Ruddy Duck,2025-03-12,0.0,0
632074018,Ruddy Duck,2025-03-12,0.0,0
632074019,Ruddy Duck,2025-03-12,0.0,0
632073990,Bufflehead,2025-03-12,0.0,0
632073991,Bufflehead,2025-03-12,0.0,0
632073856,Lesser Scaup,2025-03-12,0.0,0
632073825,Redhead,2025-03-12,0.0,0
632073826,Redhead,2025-03-12,0.0,0
632073791,Northern Pintail,2025-03-12,0.0,0
632073774,American Wigeon,2025-03-12,0.0,0
632073755,Gadwall,2025-03-12,0.0,0
632073754,Gadwall,2025-03-12,0.0,0
632073708,Cinnamon Teal,2025-03-12,2.0,1
631979423,White-crowned Sparrow,2025-03-11,0.0,0
631979417,Phainopepla,2025-03-11,0.0,0
631979414,Phainopepla,2025-03-11,0.0,0
631979395,Northern Rough-winged Swallow,2025-03-11,0.0,0
631979390,Tree Swallow,2025-03-11,0.0,0
631979380,Common Raven,2025-03-11,0.0,0
631979364,California Scrub-Jay,2025-03-11,0.0,0
631979348,Black Phoebe,2025-03-11,0.0,0
631979342,American Kestrel,2025-03-11,0.0,0
631979329,Nuttall's Woodpecker,2025-03-11,0.0,0
631979292,Nuttall's Woodpecker,2025-03-11,0.0,0
631979289,Nuttall's Woodpecker,2025-03-11,0.0,0
631979266,Red-tailed Hawk,2025-03-11,0.0,0
631979267,Red-tailed Hawk,2025-03-11,0.0,0
631979265,Red-tailed Hawk,2025-03-11,0.0,0
631979249,American White Pelican,2025-03-11,0.0,0
631979247,American White Pelican,2025-03-11,0.0,0
631979239,American White Pelican,2025-03-11,0.0,0
631979222,Great Egret,2025-03-11,0.0,0
631979216,Pied-billed Grebe,2025-03-11,0.0,0
631979214,Pied-billed Grebe,2025-03-11,0.0,0
631979210,American Coot,2025-03-11,0.0,0
631979205,Common Merganser,2025-03-11,0.0,0
631979197,Common Merganser,2025-03-11,0.0,0
631979194,Common Goldeneye,2025-03-11,0.0,0
631979185,Common Goldeneye,2025-03-11,0.0,0
631979177,Bufflehead,2025-03-11,0.0,0
631979167,Mallard,2025-03-11,0.0,0
631979143,Gadwall,2025-03-11,0.0,0
631979136,Cinnamon Teal,2025-03-11,0.0,0
631979135,Cinnamon Teal,2025-03-11,0.0,0
631979133,Cinnamon Teal,2025-03-11,0.0,0
631940220,Yellow-rumped Warbler,2025-03-10,0.0,0
631940219,Yellow-rumped Warbler,2025-03-10,0.0,0
631940201,White-crowned Sparrow,2025-03-10,0.0,0
631940178,Lark Sparrow,2025-03-10,0.0,0
631940174,Lark Sparrow,2025-03-10,0.0,0
631940176,Lark Sparrow,2025-03-10,0.0,0
631940175,Lark Sparrow,2025-03-10,0.0,0
631940153,Lesser Goldfinch,2025-03-10,3.0,1
631940154,Lesser Goldfinch,2025-03-10,0.0,0
631940141,House Finch,2025-03-10,2.5,2
631940140,House Finch,2025-03-10,4.5,2
631940090,Phainopepla,2025-03-10,0.0,0
631940089,Phainopepla,2025-03-10,0.0,0
631940069,Ruby-crowned Kinglet,2025-03-10,4.33,3
631940030,California Scrub-Jay,2025-03-10,0.0,0
631940024,Black Phoebe,2025-03-10,3.0,1
631940010,American Kestrel,2025-03-10,4.5,2
631939998,Nuttall's Woodpecker,2025-03-10,0.0,0
631939962,Downy Woodpecker,2025-03-10,4.33,3
631939941,Red-breasted Sapsucker,2025-03-10,0.0,0
631939940,Red-breasted Sapsucker,2025-03-10,0.0,0
631939942,Red-breasted Sapsucker,2025-03-10,0.0,0
631939939,Red-breasted Sapsucker,2025-03-10,0.0,0
631939930,Red-breasted Sapsucker,2025-03-10,0.0,0
631939929,Red-breasted Sapsucker,2025-03-10,0.0,0
631939920,Red-breasted Sapsucker,2025-03-10,0.0,0
631939917,Red-tailed Hawk,2025-03-10,0.0,0
631939911,Turkey Vulture,2025-03-10,2.0,1
631939901,Turkey Vulture,2025-03-10,0.0,0
631939886,Anna's Hummingbird,2025-03-10,0.0,0
631939887,Anna's Hummingbird,2025-03-10,0.0,0
631939885,Anna's Hummingbird,2025-03-10,0.0,0
631939882,Anna's Hummingbird,2025-03-10,0.0,0
631939861,Common Goldeneye,2025-03-10,0.0,0
631939860,Common Goldeneye,2025-03-10,0.0,0
631939833,Bufflehead,2025-03-10,3.67,3
631939831,Bufflehead,2025-03-10,3.0,2
631939820,Mallard,2025-03-10,4.0,1
631939816,American Wigeon,2025-03-10,0.0,0
631939808,Cinnamon Teal,2025-03-10,3.0,3
631939809,Cinnamon Teal,2025-03-10,3.0,1
631939806,Wood Duck,2025-03-10,0.0,0
631939805,Wood Duck,2025-03-10,0.0,0
631882265,Yellow-rumped Warbler,2025-03-09,0.0,0
631882231,Great-tailed Grackle,2025-03-09,0.0,0
631882232,Great-tailed Grackle,2025-03-09,0.0,0
631882229,Great-tailed Grackle,2025-03-09,0.0,0
631882198,Brewer's Blackbird,2025-03-09,0.0,0
631882199,Brewer's Blackbird,2025-03-09,0.0,0
631882165,Brown-headed Cowbird,2025-03-09,0.0,0
631882164,Brown-headed Cowbird,2025-03-09,0.0,0
631882138,Brown-headed Cowbird,2025-03-09,0.0,0
631882094,Western Meadowlark,2025-03-09,0.0,0
631882095,Western Meadowlark,2025-03-09,0.0,0
631882093,Western Meadowlark,2025-03-09,0.0,0
631882001,Savannah Sparrow,2025-03-09,0.0,0
631882000,Savannah Sparrow,2025-03-09,0.0,0
631881981,House Finch,2025-03-09,0.0,0
631881980,House Finch,2025-03-09,0.0,0
631881961,House Sparrow,2025-03-09,0.0,0
631881960,House Sparrow,2025-03-09,0.0,0
631881943,Marsh Wren,2025-03-09,4.5,2
631881882,Tree Swallow,2025-03-09,0.0,0
631881862,Vermilion Flycatcher,2025-03-09,0.0,0
631881855,Vermilion Flycatcher,2025-03-09,0.0,0
631881838,American Kestrel,2025-03-09,0.0,0
631881837,American Kestrel,2025-03-09,0.0,0
631881797,Great Horned Owl,2025-03-09,0.0,0
631881796,Great Horned Owl,2025-03-09,0.0,0
631881780,Great Horned Owl,2025-03-09,0.0,0
631881779,Great Horned Owl,2025-03-09,0.0,0
631881759,Red-tailed Hawk,2025-03-09,0.0,0
631881760,Red-tailed Hawk,2025-03-09,0.0,0
631881757,Red-tailed Hawk,2025-03-09,0.0,0
631881761,Red-tailed Hawk,2025-03-09,0.0,0
631881755,Red-tailed Hawk,2025-03-09,0.0,0
631881754,Red-tailed Hawk,2025-03-09,0.0,0
631881753,Red-tailed Hawk,2025-03-09,0.0,0
631881726,Red-tailed Hawk,2025-03-09,0.0,0
631881725,Red-tailed Hawk,2025-03-09,0.0,0
631881724,Red-tailed Hawk,2025-03-09,0.0,0
631881715,Red-tailed Hawk,2025-03-09,0.0,0
631881701,Red-tailed Hawk,2025-03-09,0.0,0
631881697,Red-tailed Hawk,2025-03-09,5.0,1
631881613,Great Horned Owl,2025-03-09,0.0,0
631881536,Northern Harrier,2025-03-09,0.0,0
631881535,Northern Harrier,2025-03-09,0.0,0
631881494,Cooper's Hawk,2025-03-09,0.0,0
631881492,Cooper's Hawk,2025-03-09,0.0,0
631881489,Cooper's Hawk,2025-03-09,0.0,0
631881490,Cooper's Hawk,2025-03-09,0.0,0
631881439,Great Egret,2025-03-09,0.0,0
631881429,Snowy Egret,2025-03-09,0.0,0
631881410,White-faced Ibis,2025-03-09,0.0,0
631881409,White-faced Ibis,2025-03-09,0.0,0
631881416,White-faced Ibis,2025-03-09,0.0,0
631881411,White-faced Ibis,2025-03-09,0.0,0
631881408,White-faced Ibis,2025-03-09,0.0,0
631881407,White-faced Ibis,2025-03-09,0.0,0
631881322,Double-crested Cormorant,2025-03-09,0.0,0
631881324,Double-crested Cormorant,2025-03-09,0.0,0
631881323,Double-crested Cormorant,2025-03-09,0.0,0
631881309,Pied-billed Grebe,2025-03-09,0.0,0
631881285,Long-billed Dowitcher,2025-03-09,0.0,0
631881268,Least Sandpiper,2025-03-09,0.0,0
631881269,Least Sandpiper,2025-03-09,0.0,0
631881267,Least Sandpiper,2025-03-09,0.0,0
631881201,Wilson's Snipe,2025-03-09,0.0,0
631881179,Long-billed Dowitcher,2025-03-09,0.0,0
631881181,Long-billed Dowitcher,2025-03-09,0.0,0
631881180,Long-billed Dowitcher,2025-03-09,0.0,0
631881092,Killdeer,2025-03-09,0.0,0
631881077,American Avocet,2025-03-09,0.0,0
631881070,Black-necked Stilt,2025-03-09,0.0,0
631881071,Black-necked Stilt,2025-03-09,0.0,0
631881064,American Coot,2025-03-09,0.0,0
631881038,Mourning Dove,2025-03-09,0.0,0
631881037,Mourning Dove,2025-03-09,0.0,0
631881018,Ruddy Duck,2025-03-09,0.0,0
631881003,Bufflehead,2025-03-09,0.0,0
631880969,Green-winged Teal,2025-03-09,0.0,0
631880954,Northern Pintail,2025-03-09,0.0,0
631880955,Northern Pintail,2025-03-09,0.0,0
631880928,Northern Pintail,2025-03-09,0.0,0
631880916,Gadwall,2025-03-09,0.0,0
631880904,Northern Shoveler,2025-03-09,0.0,0
631880903,Northern Shoveler,2025-03-09,0.0,0
631880876,Cinnamon Teal,2025-03-09,0.0,0
631880877,Cinnamon Teal,2025-03-09,0.0,0
631880816,Greater White-fronted Goose,2025-03-09,0.0,0
631880814,Greater White-fronted Goose,2025-03-09,0.0,0
631880815,Greater White-fronted Goose,2025-03-09,0.0,0
631880813,Greater White-fronted Goose,2025-03-09,0.0,0
631880763,Snow Goose,2025-03-09,0.0,0
631880761,Snow Goose,2025-03-09,0.0,0
631880762,Snow Goose,2025-03-09,0.0,0
631775542,Yellow-rumped Warbler,2025-03-07,0.0,0
631775534,Red-winged Blackbird,2025-03-07,0.0,0
631775533,Red-winged Blackbird,2025-03-07,0.0,0
631775535,Red-winged Blackbird,2025-03-07,0.0,0
631775525,White-crowned Sparrow,2025-03-07,0.0,0
631775523,White-crowned Sparrow,2025-03-07,0.0,0
631775524,White-crowned Sparrow,2025-03-07,0.0,0
631775522,White-crowned Sparrow,2025-03-07,0.0,0
631775499,Phainopepla,2025-03-07,0.0,0
631775496,Phainopepla,2025-03-07,0.0,0
631775491,Phainopepla,2025-03-07,0.0,0
631775485,Ruby-crowned Kinglet,2025-03-07,2.0,1
631775482,Ruby-crowned Kinglet,2025-03-07,4.5,2
631775474,Northern Rough-winged Swallow,2025-03-07,4.5,2
631775470,Northern Rough-winged Swallow,2025-03-07,0.0,0
631775467,Northern Rough-winged Swallow,2025-03-07,0.0,0
631775447,California Scrub-Jay,2025-03-07,0.0,0
631775444,Northern Flicker,2025-03-07,2.0,1
631775437,Northern Flicker,2025-03-07,2.0,1
631775427,Acorn Woodpecker,2025-03-07,3.0,1
631775424,Red-tailed Hawk,2025-03-07,0.0,0
631775423,Red-tailed Hawk,2025-03-07,0.0,0
631775359,Cooper's Hawk,2025-03-07,0.0,0
631775331,Cooper's Hawk,2025-03-07,0.0,0
631775327,Cooper's Hawk,2025-03-07,0.0,0
631775324,Cooper's Hawk,2025-03-07,0.0,0
631775308,American White Pelican,2025-03-07,0.0,0
631775311,Turkey Vulture,2025-03-07,0.0,0
631775307,American White Pelican,2025-03-07,0.0,0
631775303,Great Egret,2025-03-07,0.0,0
631775301,Killdeer,2025-03-07,3.0,1
631775297,American Coot,2025-03-07,0.0,0
631775286,Anna's Hummingbird,2025-03-07,0.0,0
631775287,Anna's Hummingbird,2025-03-07,0.0,0
631775274,Anna's Hummingbird,2025-03-07,0.0,0
631775247,Hooded Merganser,2025-03-07,0.0,0
631775238,Hooded Merganser,2025-03-07,0.0,0
631775230,Common Goldeneye,2025-03-07,0.0,0
631775232,Common Goldeneye,2025-03-07,0.0,0
631775231,Common Goldeneye,2025-03-07,0.0,0
631775222,Bufflehead,2025-03-07,0.0,0
631775192,Ring-necked Duck,2025-03-07,0.0,0
631775193,Ring-necked Duck,2025-03-07,0.0,0
631775190,Ring-necked Duck,2025-03-07,0.0,0
631775152,American Wigeon,2025-03-07,0.0,0
631775153,American Wigeon,2025-03-07,0.0,0
631775136,Gadwall,2025-03-07,4.5,2
631775133,Gadwall,2025-03-07,4.0,2
631775135,Gadwall,2025-03-07,0.0,0
631775068,Cinnamon Teal,2025-03-07,0.0,0
631775069,Cinnamon Teal,2025-03-07,0.0,0
631775067,Cinnamon Teal,2025-03-07,0.0,0
631775066,Cinnamon Teal,2025-03-07,0.0,0
631739192,Sandhill Crane,2025-03-06,5.0,1
631730950,Red-winged Blackbird,2025-03-06,0.0,0
631730949,Red-winged Blackbird,2025-03-06,0.0,0
631730936,Red-winged Blackbird,2025-03-06,3.0,1
631730889,Western Meadowlark,2025-03-06,0.0,0
631730885,Western Meadowlark,2025-03-06,0.0,0
631730884,Western Meadowlark,2025-03-06,0.0,0
631730872,Western Meadowlark,2025-03-06,4.5,2
631730787,White-crowned Sparrow,2025-03-06,0.0,0
631730785,White-crowned Sparrow,2025-03-06,0.0,0
631730786,White-crowned Sparrow,2025-03-06,0.0,0
631730748,Marsh Wren,2025-03-06,0.0,0
631730724,Marsh Wren,2025-03-06,0.0,0
631730723,Marsh Wren,2025-03-06,0.0,0
631730668,Northern Harrier,2025-03-06,0.0,0
631730624,Greater Yellowlegs,2025-03-06,0.0,0
631730581,Marsh Wren,2025-03-06,3.0,1
631730571,Say's Phoebe,2025-03-06,3.0,1
631730559,Black Phoebe,2025-03-06,0.0,0
631730558,Black Phoebe,2025-03-06,0.0,0
631730509,American Kestrel,2025-03-06,0.0,0
631730508,American Kestrel,2025-03-06,3.0,1
631730507,American Kestrel,2025-03-06,0.0,0
631730510,American Kestrel,2025-03-06,0.0,0
631730506,American Kestrel,2025-03-06,0.0,0
631730488,Red-tailed Hawk,2025-03-06,0.0,0
631730490,Red-tailed Hawk,2025-03-06,0.0,0
631730489,Red-tailed Hawk,2025-03-06,0.0,0
631730487,Red-tailed Hawk,2025-03-06,0.0,0
631730485,Red-tailed Hawk,2025-03-06,0.0,0
631730484,Red-tailed Hawk,2025-03-06,0.0,0
631730486,Red-tailed Hawk,2025-03-06,0.0,0
631730483,Red-tailed Hawk,2025-03-06,0.0,0
631730482,Red-tailed Hawk,2025-03-06,0.0,0
631730450,Northern Harrier,2025-03-06,0.0,0
631730451,Northern Harrier,2025-03-06,0.0,0
631730420,Great Blue Heron,2025-03-06,0.0,0
631730421,Great Blue Heron,2025-03-06,0.0,0
631730401,Great Egret,2025-03-06,0.0,0
631730403,Great Egret,2025-03-06,0.0,0
631730378,White-faced Ibis,2025-03-06,0.0,0
631730355,White-faced Ibis,2025-03-06,3.0,1
631730353,White-faced Ibis,2025-03-06,0.0,0
631730354,White-faced Ibis,2025-03-06,3.0,1
631730352,White-faced Ibis,2025-03-06,0.0,0
631730322,Greater Yellowlegs,2025-03-06,3.0,1
631730328,Least Sandpiper,2025-03-06,0.0,0
631730323,Greater Yellowlegs,2025-03-06,0.0,0
631730327,Least Sandpiper,2025-03-06,0.0,0
631730337,Double-crested Cormorant,2025-03-06,0.0,0
631730294,Long-billed Dowitcher,2025-03-06,1.0,1
631730226,Long-billed Dowitcher,2025-03-06,2.0,1
631730227,Long-billed Dowitcher,2025-03-06,0.0,0
631730195,American Avocet,2025-03-06,0.0,0
631730191,Black-necked Stilt,2025-03-06,3.0,1
631730199,Killdeer,2025-03-06,0.0,0
631730192,Black-necked Stilt,2025-03-06,3.0,1
631730185,Sandhill Crane,2025-03-06,0.0,0
631730186,Sandhill Crane,2025-03-06,0.0,0
631730184,Sandhill Crane,2025-03-06,0.0,0
631730183,Sandhill Crane,2025-03-06,0.0,0
631730174,American Coot,2025-03-06,0.0,0
631730172,Mourning Dove,2025-03-06,0.0,0
631730168,Ring-necked Duck,2025-03-06,0.0,0
631730153,Green-winged Teal,2025-03-06,0.0,0
631730139,Gadwall,2025-03-06,0.0,0
631730135,Northern Shoveler,2025-03-06,0.0,0
631730125,Cinnamon Teal,2025-03-06,0.0,0
631730112,Cinnamon Teal,2025-03-06,0.0,0
631730113,Cinnamon Teal,2025-03-06,0.0,0
631730098,Greater White-fronted Goose,2025-03-06,0.0,0
631730099,Greater White-fronted Goose,2025-03-06,0.0,0
631730100,Greater White-fronted Goose,2025-03-06,0.0,0
631730101,Greater White-fronted Goose,2025-03-06,0.0,0
631730102,Greater White-fronted Goose,2025-03-06,0.0,0
631730097,Greater White-fronted Goose,2025-03-06,0.0,0
631637354,Double-crested Cormorant,2025-03-04,0.0,0
631637346,California Gull,2025-03-04,0.0,0
631637345,California Gull,2025-03-04,0.0,0
631637347,California Gull,2025-03-04,0.0,0
631637353,Double-crested Cormorant,2025-03-04,0.0,0
631637356,Snowy Egret,2025-03-04,0.0,0
631637344,California Gull,2025-03-04,0.0,0
631637343,Black-necked Stilt,2025-03-04,0.0,0
631637342,Black-necked Stilt,2025-03-04,0.0,0
631637329,Ruddy Duck,2025-03-04,0.0,0
631637333,American Coot,2025-03-04,0.0,0
631637330,Ruddy Duck,2025-03-04,0.0,0
631637326,Ruddy Duck,2025-03-04,0.0,0
631637325,Ruddy Duck,2025-03-04,0.0,0
631637312,Gadwall,2025-03-04,0.0,0
631637309,Canada Goose,2025-03-04,0.0,0
631630760,Belted Kingfisher,2025-03-04,4.0,3
631630699,Red-shouldered Hawk,2025-03-04,4.0,1
631630628,American Coot,2025-03-04,3.0,1
631630574,Red-winged Blackbird,2025-03-04,2.5,2
631630569,Savannah Sparrow,2025-03-04,4.0,1
631630568,Savannah Sparrow,2025-03-04,4.0,1
631630555,Phainopepla,2025-03-04,2.5,2
631630554,Phainopepla,2025-03-04,0.0,0
631630537,European Starling,2025-03-04,0.0,0
631630538,European Starling,2025-03-04,0.0,0
631630531,Northern House Wren,2025-03-04,5.0,1
631630532,Northern House Wren,2025-03-04,4.5,2
631630428,Tree Swallow,2025-03-04,5.0,2
631630429,Tree Swallow,2025-03-04,5.0,2
631630411,Black Phoebe,2025-03-04,0.0,0
631630407,American Kestrel,2025-03-04,0.0,0
631630406,American Kestrel,2025-03-04,0.0,0
631630396,Northern Flicker,2025-03-04,0.0,0
631630386,Nuttall's Woodpecker,2025-03-04,0.0,0
631630388,Nuttall's Woodpecker,2025-03-04,0.0,0
631630387,Nuttall's Woodpecker,2025-03-04,0.0,0
631630367,Acorn Woodpecker,2025-03-04,0.0,0
631630356,Great Egret,2025-03-04,0.0,0
631630350,Double-crested Cormorant,2025-03-04,0.0,0
631630319,American Wigeon,2025-03-04,0.0,0
631630336,Bufflehead,2025-03-04,0.0,0
631630328,Mallard,2025-03-04,0.0,0
631630318,American Wigeon,2025-03-04,0.0,0
631630295,Cinnamon Teal,2025-03-04,0.0,0
631630296,Cinnamon Teal,2025-03-04,0.0,0
631630293,Cinnamon Teal,2025-03-04,0.0,0
631630297,Cinnamon Teal,2025-03-04,0.0,0
631593790,American White Pelican,2025-03-03,0.0,0
631593788,Great Blue Heron,2025-03-03,0.0,0
631592669,American Coot,2025-03-03,0.0,0
631592673,California Gull,2025-03-03,0.0,0
631592674,California Gull,2025-03-03,0.0,0
631592661,Ruddy Duck,2025-03-03,0.0,0
631592659,Ruddy Duck,2025-03-03,0.0,0
631592660,Ruddy Duck,2025-03-03,0.0,0
631592668,American Coot,2025-03-03,0.0,0
631592662,Ruddy Duck,2025-03-03,0.0,0
631592658,Ruddy Duck,2025-03-03,0.0,0
631592663,Ruddy Duck,2025-03-03,0.0,0
631592657,Ruddy Duck,2025-03-03,0.0,0
631592638,Mallard,2025-03-03,0.0,0
631592634,Canada Goose,2025-03-03,0.0,0
631579510,Yellow-rumped Warbler,2025-03-03,0.0,0
631579511,Yellow-rumped Warbler,2025-03-03,0.0,0
631579502,Brewer's Blackbird,2025-03-03,0.0,0
631579497,Dark-eyed Junco (Slate-colored),2025-03-03,0.0,0
631579496,Dark-eyed Junco (Slate-colored),2025-03-03,5.0,1
631579491,European Starling,2025-03-03,0.0,0
631579487,Black Phoebe,2025-03-03,0.0,0
631579477,Acorn Woodpecker,2025-03-03,0.0,0
631579475,Acorn Woodpecker,2025-03-03,0.0,0
631579478,Acorn Woodpecker,2025-03-03,0.0,0
631579476,Acorn Woodpecker,2025-03-03,0.0,0
631579479,Acorn Woodpecker,2025-03-03,0.0,0
631579480,Acorn Woodpecker,2025-03-03,0.0,0
631579459,Great Egret,2025-03-03,0.0,0
631579458,Great Egret,2025-03-03,0.0,0
631579457,Great Egret,2025-03-03,0.0,0
631579416,Double-crested Cormorant,2025-03-03,0.0,0
631579418,Double-crested Cormorant,2025-03-03,0.0,0
631579413,Double-crested Cormorant,2025-03-03,0.0,0
631579412,Double-crested Cormorant,2025-03-03,0.0,0
631579389,Mourning Dove,2025-03-03,0.0,0
631579385,Hooded Merganser,2025-03-03,0.0,0
631579384,Hooded Merganser,2025-03-03,0.0,0
631579383,Hooded Merganser,2025-03-03,0.0,0
631579386,Hooded Merganser,2025-03-03,0.0,0
631579380,Hooded Merganser,2025-03-03,0.0,0
631579379,Hooded Merganser,2025-03-03,0.0,0
631579359,Mallard (Domestic type),2025-03-03,0.0,0
631579360,Mallard (Domestic type),2025-03-03,0.0,0
631579358,Mallard (Domestic type),2025-03-03,0.0,0
631579336,Wood Duck,2025-03-03,0.0,0
631579335,Wood Duck,2025-03-03,0.0,0
631579306,Wood Duck,2025-03-03,0.0,0
631579300,Wood Duck,2025-03-03,0.0,0
631579303,Wood Duck,2025-03-03,0.0,0
631579305,Wood Duck,2025-03-03,0.0,0
631579302,Wood Duck,2025-03-03,0.0,0
631579301,Wood Duck,2025-03-03,0.0,0
631579298,Wood Duck,2025-03-03,0.0,0
631579278,Muscovy Duck (Domestic type),2025-03-03,0.0,0
631569752,Gadwall (Common),2025-03-02,0.0,0
631569755,American Wigeon,2025-03-02,0.0,0
631569750,Gadwall (Common),2025-03-02,0.0,0
631569756,American Wigeon,2025-03-02,0.0,0
631569751,Gadwall (Common),2025-03-02,0.0,0
631569754,American Wigeon,2025-03-02,0.0,0
631549999,Short-billed Gull,2025-03-02,1.0,1
631529423,Song Sparrow,2025-03-02,0.0,0
631529422,Song Sparrow,2025-03-02,0.0,0
631529396,Golden-crowned Sparrow,2025-03-02,0.0,0
631529319,House Finch,2025-03-02,0.0,0
631529318,House Finch,2025-03-02,3.0,1
631529311,Black Phoebe,2025-03-02,0.0,0
631529308,Northern Harrier,2025-03-02,0.0,0
631529304,Northern Harrier,2025-03-02,0.0,0
631529306,Northern Harrier,2025-03-02,0.0,0
631529305,Northern Harrier,2025-03-02,3.5,2
631529303,Northern Harrier,2025-03-02,0.0,0
631529290,Great Egret,2025-03-02,0.0,0
631529288,Great Egret,2025-03-02,0.0,0
631529277,Snowy Egret,2025-03-02,0.0,0
631529276,Snowy Egret,2025-03-02,0.0,0
631529274,Snowy Egret,2025-03-02,0.0,0
631529273,Snowy Egret,2025-03-02,0.0,0
631529275,Snowy Egret,2025-03-02,0.0,0
631529269,Ring-billed Gull,2025-03-02,0.0,0
631529255,Least Sandpiper,2025-03-02,0.0,0
631529253,Least Sandpiper,2025-03-02,0.0,0
631529238,Greater Yellowlegs,2025-03-02,0.0,0
631529236,Greater Yellowlegs,2025-03-02,3.0,1
631529225,Marbled Godwit,2025-03-02,0.0,0
631529217,Marbled Godwit,2025-03-02,0.0,0
631529224,Marbled Godwit,2025-03-02,0.0,0
631529216,Marbled Godwit,2025-03-02,0.0,0
631529201,Long-billed Curlew,2025-03-02,0.0,0
631529199,Long-billed Curlew,2025-03-02,0.0,0
631529200,Long-billed Curlew,2025-03-02,0.0,0
631529192,Long-billed Curlew,2025-03-02,0.0,0
631529175,Killdeer,2025-03-02,0.0,0
631529174,Killdeer,2025-03-02,0.0,0
631529172,Killdeer,2025-03-02,0.0,0
631529152,American Avocet,2025-03-02,0.0,0
631529132,Black-necked Stilt,2025-03-02,0.0,0
631529122,American Coot,2025-03-02,0.0,0
631529108,Canvasback,2025-03-02,0.0,0
631529109,Canvasback,2025-03-02,0.0,0
631529110,Canvasback,2025-03-02,4.0,1
631529093,Green-winged Teal,2025-03-02,3.2,5
631529095,Green-winged Teal,2025-03-02,0.0,0
631529096,Green-winged Teal,2025-03-02,0.0,0
631486397,Marsh Wren,2025-03-01,0.0,0
631486086,Yellow-rumped Warbler (Audubon's),2025-03-01,0.0,0
631485995,Song Sparrow,2025-03-01,0.0,0
631485962,Golden-crowned Sparrow,2025-03-01,0.0,0
631485921,Western Bluebird,2025-03-01,0.0,0
631485920,Western Bluebird,2025-03-01,0.0,0
631485919,Western Bluebird,2025-03-01,0.0,0
631485903,Turkey Vulture,2025-03-01,0.0,0
631485895,Pied-billed Grebe,2025-03-01,0.0,0
631485867,Ring-billed Gull,2025-03-01,0.0,0
631485857,Least Sandpiper,2025-03-01,3.5,2
631485839,Killdeer,2025-03-01,4.0,1
631485833,Black-necked Stilt,2025-03-01,0.0,0
631485821,American Coot,2025-03-01,0.0,0
631485820,American Coot,2025-03-01,0.0,0
631485802,Anna's Hummingbird,2025-03-01,0.0,0
631485801,Anna's Hummingbird,2025-03-01,0.0,0
631485791,Bufflehead,2025-03-01,0.0,0
631485790,Bufflehead,2025-03-01,0.0,0
631485789,Bufflehead,2025-03-01,0.0,0
631485767,Green-winged Teal,2025-03-01,4.5,2
631485769,Green-winged Teal,2025-03-01,5.0,1
631485768,Green-winged Teal,2025-03-01,4.0,1
631485737,Mute Swan,2025-03-01,4.5,2
631485736,Mute Swan,2025-03-01,0.0,0
631485711,Canada Goose,2025-03-01,0.0,0
631484751,California Towhee,2025-03-01,0.0,0
631484752,California Towhee,2025-03-01,0.0,0
631484743,Song Sparrow,2025-03-01,0.0,0
631484742,Song Sparrow,2025-03-01,0.0,0
631484741,Song Sparrow,2025-03-01,0.0,0
631484740,Song Sparrow,2025-03-01,0.0,0
631484707,White-crowned Sparrow,2025-03-01,0.0,0
631484708,White-crowned Sparrow,2025-03-01,0.0,0
631484665,House Finch,2025-03-01,0.0,0
631484644,Black Phoebe,2025-03-01,0.0,0
631484643,Black Phoebe,2025-03-01,0.0,0
631484645,Black Phoebe,2025-03-01,0.0,0
631484620,Northern Harrier,2025-03-01,0.0,0
631484621,Northern Harrier,2025-03-01,0.0,0
631484604,American White Pelican,2025-03-01,0.0,0
631484582,Great Egret,2025-03-01,0.0,0
631484572,Snowy Egret,2025-03-01,4.5,2
631484535,Ring-billed Gull,2025-03-01,0.0,0
631484534,Ring-billed Gull,2025-03-01,0.0,0
631484533,Ring-billed Gull,2025-03-01,0.0,0
631484417,Dunlin,2025-03-01,4.33,3
631484413,Greater Yellowlegs,2025-03-01,0.0,0
631484399,Willet,2025-03-01,0.0,0
631484398,Willet,2025-03-01,0.0,0
631484389,Marbled Godwit,2025-03-01,0.0,0
631484381,Long-billed Curlew,2025-03-01,0.0,0
631484368,American Avocet,2025-03-01,0.0,0
631484371,American Avocet,2025-03-01,0.0,0
631484370,American Avocet,2025-03-01,0.0,0
631484369,American Avocet,2025-03-01,0.0,0
631484329,Black-necked Stilt,2025-03-01,0.0,0
631484228,American Coot,2025-03-01,0.0,0
631484208,Mallard (Domestic type),2025-03-01,0.0,0
631484087,Canvasback,2025-03-01,0.0,0
631484085,Canvasback,2025-03-01,0.0,0
631484086,Canvasback,2025-03-01,0.0,0
631484083,Canvasback,2025-03-01,0.0,0
631484084,Canvasback,2025-03-01,0.0,0
631483946,Green-winged Teal,2025-03-01,0.0,0
631483944,Green-winged Teal,2025-03-01,0.0,0
631483943,Green-winged Teal,2025-03-01,0.0,0
631483945,Green-winged Teal,2025-03-01,0.0,0
631483900,Mallard (Domestic type),2025-03-01,0.0,0
631483901,Mallard (Domestic type),2025-03-01,0.0,0
631483899,Mallard (Domestic type),2025-03-01,0.0,0
631483892,Mallard,2025-03-01,0.0,0
631483673,Northern Shoveler,2025-03-01,0.0,0
631483674,Northern Shoveler,2025-03-01,0.0,0
631483672,Northern Shoveler,2025-03-01,0.0,0
631483638,Canada Goose,2025-03-01,0.0,0
631411086,Red-shouldered Hawk (elegans),2025-02-28,0.0,0
631411025,Yellow-rumped Warbler,2025-02-28,0.0,0
631411019,Phainopepla,2025-02-28,0.0,0
631411018,Phainopepla,2025-02-28,0.0,0
631411017,Phainopepla,2025-02-28,0.0,0
631411012,Northern Mockingbird,2025-02-28,0.0,0
631410995,Violet-green Swallow,2025-02-28,0.0,0
631410993,California Scrub-Jay,2025-02-28,0.0,0
631410990,Say's Phoebe,2025-02-28,0.0,0
631410991,Say's Phoebe,2025-02-28,0.0,0
631410983,Black Phoebe,2025-02-28,0.0,0
631410978,American Kestrel,2025-02-28,0.0,0
631410976,American Kestrel,2025-02-28,0.0,0
631410977,American Kestrel,2025-02-28,0.0,0
631410971,Northern Flicker,2025-02-28,0.0,0
631410968,Acorn Woodpecker,2025-02-28,0.0,0
631410964,Acorn Woodpecker,2025-02-28,0.0,0
631410966,Acorn Woodpecker,2025-02-28,0.0,0
631410965,Acorn Woodpecker,2025-02-28,0.0,0
631410962,Red-tailed Hawk,2025-02-28,0.0,0
631410961,Turkey Vulture,2025-02-28,0.0,0
631410960,Turkey Vulture,2025-02-28,0.0,0
631410956,Great Blue Heron,2025-02-28,0.0,0
631410952,Double-crested Cormorant,2025-02-28,0.0,0
631410954,Double-crested Cormorant,2025-02-28,0.0,0
631410953,Double-crested Cormorant,2025-02-28,0.0,0
631410945,American Coot,2025-02-28,0.0,0
631410944,American Coot,2025-02-28,0.0,0
631410932,Mourning Dove,2025-02-28,0.0,0
631410931,Mourning Dove,2025-02-28,0.0,0
631410930,Mourning Dove,2025-02-28,0.0,0
631410924,Common Goldeneye,2025-02-28,0.0,0
631410919,Bufflehead,2025-02-28,0.0,0
631410918,Bufflehead,2025-02-28,0.0,0
631410916,Ring-necked Duck,2025-02-28,0.0,0
631410914,Ring-necked Duck,2025-02-28,0.0,0
631410915,Ring-necked Duck,2025-02-28,0.0,0
631410906,Mallard,2025-02-28,0.0,0
631410898,Gadwall,2025-02-28,0.0,0
631410884,Cinnamon Teal,2025-02-28,0.0,0
631410886,Cinnamon Teal,2025-02-28,0.0,0
631410885,Cinnamon Teal,2025-02-28,0.0,0
631379633,Northern Mockingbird,2025-02-27,2.0,1
631379632,Mourning Dove,2025-02-27,0.0,0
631379540,Yellow-rumped Warbler (Audubon's),2025-02-27,0.0,0
631379537,European Starling,2025-02-27,2.5,2
631379538,European Starling,2025-02-27,0.0,0
631379536,European Starling,2025-02-27,0.0,0
631379520,Northern Flicker,2025-02-27,0.0,0
631379521,Northern Flicker,2025-02-27,0.0,0
631379513,Red-shouldered Hawk (elegans),2025-02-27,0.0,0
631379514,Red-shouldered Hawk (elegans),2025-02-27,0.0,0
631379511,Red-shouldered Hawk (elegans),2025-02-27,0.0,0
631379512,Red-shouldered Hawk (elegans),2025-02-27,0.0,0
631379510,Red-shouldered Hawk (elegans),2025-02-27,0.0,0
631379458,Western Meadowlark,2025-02-27,0.0,0
631379450,House Finch,2025-02-27,3.0,1
631379446,American Robin,2025-02-27,4.0,1
631379442,Northern Mockingbird,2025-02-27,2.0,1
631379429,Acorn Woodpecker,2025-02-27,1.0,1
631379423,Eurasian Collared-Dove,2025-02-27,2.0,1
631332855,Lesser Goldfinch,2025-02-26,0.0,0
631332856,Lesser Goldfinch,2025-02-26,0.0,0
631332853,Lesser Goldfinch,2025-02-26,0.0,0
631332852,Lesser Goldfinch,2025-02-26,0.0,0
631332834,Ruby-crowned Kinglet,2025-02-26,0.0,0
631332820,Nuttall's Woodpecker,2025-02-26,0.0,0
631332822,Black Phoebe,2025-02-26,0.0,0
631332821,Nuttall's Woodpecker,2025-02-26,0.0,0
631332819,Nuttall's Woodpecker,2025-02-26,0.0,0
631332751,Anna's Hummingbird,2025-02-26,0.0,0
631332752,Anna's Hummingbird,2025-02-26,0.0,0
631332753,Anna's Hummingbird,2025-02-26,0.0,0
631332780,Acorn Woodpecker,2025-02-26,0.0,0
631332779,Acorn Woodpecker,2025-02-26,0.0,0
631332743,Anna's Hummingbird,2025-02-26,0.0,0
631332745,Anna's Hummingbird,2025-02-26,0.0,0
631332776,Acorn Woodpecker,2025-02-26,0.0,0
631332775,Acorn Woodpecker,2025-02-26,0.0,0
631332754,Anna's Hummingbird,2025-02-26,0.0,0
631332742,Anna's Hummingbird,2025-02-26,0.0,0
631332716,Common Goldeneye,2025-02-26,0.0,0
631332707,Bufflehead,2025-02-26,0.0,0
631332481,Mallard,2025-02-26,0.0,0
631332199,Mallard (Domestic type),2025-02-26,0.0,0
631332186,American Wigeon,2025-02-26,0.0,0
631329079,Mourning Dove,2024-08-20,0.0,0
631328884,Western x Glaucous-winged Gull (hybrid),2024-08-08,0.0,0
631328883,Western x Glaucous-winged Gull (hybrid),2024-08-08,0.0,0
631328556,California Quail,2025-02-14,3.0,1
631328557,California Quail,2025-02-14,0.0,0
631328408,Rock Wren,2025-01-31,0.0,0
631328407,Rock Wren,2025-01-31,0.0,0
631328397,Ruby-crowned Kinglet,2025-01-31,0.0,0
631328372,Common Raven,2025-01-31,0.0,0
631328097,Yellow-rumped Warbler (Myrtle x Audubon's),2025-01-21,0.0,0
631296758,Bufflehead,2025-02-25,0.0,0
631296764,Mallard,2025-02-25,0.0,0
631296757,Bufflehead,2025-02-25,0.0,0
631296756,Bufflehead,2025-02-25,0.0,0
631296755,Bufflehead,2025-02-25,0.0,0
631296768,Western Gull,2025-02-25,0.0,0
631296736,American Coot,2025-02-25,0.0,0
631296574,Great Blue Heron,2025-02-25,0.0,0
631296577,Great Blue Heron,2025-02-25,0.0,0
631296576,Great Blue Heron,2025-02-25,0.0,0
631296578,Great Blue Heron,2025-02-25,0.0,0
631296575,Great Blue Heron,2025-02-25,0.0,0
631296594,Say's Phoebe,2025-02-25,0.0,0
631296590,Red-tailed Hawk,2025-02-25,0.0,0
631296589,Red-tailed Hawk,2025-02-25,0.0,0
631296581,Great Blue Heron,2025-02-25,0.0,0
631296580,Great Blue Heron,2025-02-25,0.0,0
631296579,Great Blue Heron,2025-02-25,0.0,0
631232651,California Scrub-Jay,2025-02-24,0.0,0
631232652,California Scrub-Jay,2025-02-24,0.0,0
631232645,Northern Flicker,2025-02-24,0.0,0
631232644,Northern Flicker,2025-02-24,0.0,0
631232595,Acorn Woodpecker,2025-02-24,0.0,0
631232594,Acorn Woodpecker,2025-02-24,0.0,0
631232596,Acorn Woodpecker,2025-02-24,0.0,0
631232576,Turkey Vulture,2025-02-24,0.0,0
631232571,Great Egret,2025-02-24,0.0,0
631232569,Great Egret,2025-02-24,0.0,0
631232570,Great Egret,2025-02-24,0.0,0
631232568,Great Egret,2025-02-24,0.0,0
631232562,Snowy Egret,2025-02-24,0.0,0
631232558,Snowy Egret,2025-02-24,0.0,0
631232559,Snowy Egret,2025-02-24,0.0,0
631232557,Snowy Egret,2025-02-24,0.0,0
631232547,American Coot,2025-02-24,0.0,0
631232549,American Coot,2025-02-24,0.0,0
631232530,Common Goldeneye,2025-02-24,0.0,0
631232529,Common Goldeneye,2025-02-24,0.0,0
631232460,Cooper's Hawk,2025-02-24,0.0,0
631196577,Muscovy Duck (Domestic type),2024-11-04,2.0,1
631196368,Spotted Towhee,2024-09-13,0.0,0
631196367,Spotted Towhee,2024-09-13,0.0,0
631196303,Dark-eyed Junco,2024-09-13,0.0,0
631196193,cormorant sp.,2024-09-07,0.0,0
631196197,Brown Pelican,2024-09-07,0.0,0
631192841,Great Egret,2024-08-29,0.0,0
631192624,Western Gull,2024-08-24,3.0,1
631192587,Steller's Jay,2024-07-28,3.0,1
631192516,Black Oystercatcher,2023-08-30,0.0,0
631192372,Steller's Jay,2023-08-21,0.0,0
631192323,Eastern Screech-Owl,2021-06-13,3.0,1
631191980,Heermann's Gull,2018-01-10,1.0,1
631179127,Great Blue Heron,2025-02-23,0.0,0
631179114,Phainopepla,2025-02-23,0.0,0
631179102,Phainopepla,2025-02-23,0.0,0
631179095,Tree Swallow,2025-02-23,0.0,0
631179096,Tree Swallow,2025-02-23,0.0,0
631179084,Nuttall's Woodpecker,2025-02-23,0.0,0
631179083,Nuttall's Woodpecker,2025-02-23,0.0,0
631179065,Turkey Vulture,2025-02-23,0.0,0
631179064,Turkey Vulture,2025-02-23,0.0,0
631179049,American White Pelican,2025-02-23,0.0,0
631179048,American White Pelican,2025-02-23,0.0,0
631179047,American White Pelican,2025-02-23,0.0,0
631179028,Great Blue Heron,2025-02-23,0.0,0
631179020,Snowy Egret,2025-02-23,0.0,0
631179017,Snowy Egret,2025-02-23,0.0,0
631179018,Snowy Egret,2025-02-23,0.0,0
631179019,Snowy Egret,2025-02-23,0.0,0
631178943,Pied-billed Grebe,2025-02-23,0.0,0
631178942,Pied-billed Grebe,2025-02-23,0.0,0
631178941,Pied-billed Grebe,2025-02-23,0.0,0
631178930,Anna's Hummingbird,2025-02-23,0.0,0
631178929,Anna's Hummingbird,2025-02-23,0.0,0
631178923,Mallard,2025-02-23,0.0,0
631178921,Mallard,2025-02-23,0.0,0
631138227,Little Blue Heron,2024-11-04,0.0,0
631138193,Red-bellied Woodpecker,2024-11-04,0.0,0
631138192,Red-bellied Woodpecker,2024-11-04,0.0,0
631138189,Great Egret,2024-11-04,0.0,0
631138178,Great Egret,2024-11-04,0.0,0
631138175,Great Egret,2024-11-04,0.0,0
631138177,Great Egret,2024-11-04,0.0,0
631138176,Great Egret,2024-11-04,0.0,0
631138171,White Ibis,2024-11-04,0.0,0
631138170,White Ibis,2024-11-04,0.0,0
631138163,White Ibis,2024-11-04,0.0,0
631138164,White Ibis,2024-11-04,0.0,0
631138118,Common Gallinule,2024-11-04,0.0,0
631138119,Common Gallinule,2024-11-04,0.0,0
631138089,House Finch,2025-02-18,0.0,0
631138090,House Finch,2025-02-18,0.0,0
631138087,Great Blue Heron,2025-02-18,0.0,0
631138083,Great Egret,2025-02-18,0.0,0
631138084,Great Egret,2025-02-18,0.0,0
631138045,Eared Grebe,2025-02-18,0.0,0
631138046,Eared Grebe,2025-02-18,0.0,0
631138041,Pied-billed Grebe,2025-02-18,0.0,0
631138038,Western Gull,2025-02-18,0.0,0
631137991,Red-tailed Hawk,2025-02-19,0.0,0
631137992,Red-tailed Hawk,2025-02-19,0.0,0
631137993,Red-tailed Hawk,2025-02-19,0.0,0
631137990,Red-tailed Hawk,2025-02-19,0.0,0
631137986,Great Blue Heron,2025-02-19,0.0,0
631137977,Greater Yellowlegs,2025-02-19,0.0,0
631137976,Greater Yellowlegs,2025-02-19,0.0,0
631137969,Great Egret,2025-02-19,0.0,0
631137953,Snowy Egret,2025-02-19,0.0,0
631137922,Greater Yellowlegs,2025-02-19,0.0,0
631137921,Greater Yellowlegs,2025-02-19,0.0,0
631137925,Greater Yellowlegs,2025-02-19,0.0,0
631137924,Greater Yellowlegs,2025-02-19,0.0,0
631137923,Greater Yellowlegs,2025-02-19,0.0,0
631137926,Greater Yellowlegs,2025-02-19,0.0,0
631137920,Greater Yellowlegs,2025-02-19,0.0,0
631137865,Common Raven,2025-02-21,4.0,1
631137864,Common Raven,2025-02-21,4.0,1
631137852,Black Phoebe,2025-02-21,3.0,1
631137850,Black Phoebe,2025-02-21,2.0,1
631137851,Black Phoebe,2025-02-21,2.0,1
631137554,Western Meadowlark,2025-02-17,0.0,0
631137555,Western Meadowlark,2025-02-17,0.0,0
631137553,Western Meadowlark,2025-02-17,0.0,0
631137541,Savannah Sparrow,2025-02-17,0.0,0
631137535,White-crowned Sparrow,2025-02-17,0.0,0
631137534,White-crowned Sparrow,2025-02-17,0.0,0
631137533,White-crowned Sparrow,2025-02-17,0.0,0
631137504,Say's Phoebe,2025-02-17,0.0,0
631137499,American Kestrel,2025-02-17,0.0,0
631137500,American Kestrel,2025-02-17,0.0,0
631137490,Red-tailed Hawk,2025-02-17,0.0,0
631137489,Red-tailed Hawk,2025-02-17,0.0,0
631137488,Red-tailed Hawk,2025-02-17,0.0,0
631137486,Red-tailed Hawk,2025-02-17,0.0,0
631137487,Red-tailed Hawk,2025-02-17,0.0,0
631137485,Red-tailed Hawk,2025-02-17,0.0,0
631137479,Northern Harrier,2025-02-17,0.0,0
631137478,Northern Harrier,2025-02-17,0.0,0
631137457,Great Blue Heron,2025-02-17,0.0,0
631137459,Great Blue Heron,2025-02-17,0.0,0
631137456,Great Blue Heron,2025-02-17,0.0,0
631137450,Great Egret,2025-02-17,0.0,0
631137449,Great Egret,2025-02-17,0.0,0
631137442,Double-crested Cormorant,2025-02-17,0.0,0
631137433,Greater Yellowlegs,2025-02-17,0.0,0
631137389,Killdeer,2025-02-17,0.0,0
631137388,Killdeer,2025-02-17,0.0,0
631137380,Black-necked Stilt,2025-02-17,0.0,0
631137381,Black-necked Stilt,2025-02-17,0.0,0
631137312,American Coot,2025-02-17,0.0,0
631137313,American Coot,2025-02-17,0.0,0
631137275,Northern Shoveler,2025-02-17,0.0,0
631136703,Ring-necked Duck,2025-02-22,0.0,0
631136702,Ring-necked Duck,2025-02-22,0.0,0
631136698,Double-crested Cormorant,2025-02-22,0.0,0
631136699,Double-crested Cormorant,2025-02-22,0.0,0
631136645,Phainopepla,2025-02-22,0.0,0
631136642,Phainopepla,2025-02-22,0.0,0
631136633,Tree Swallow,2025-02-22,0.0,0
631136624,Red-tailed Hawk,2025-02-22,0.0,0
631136631,California Scrub-Jay,2025-02-22,0.0,0
631136618,Double-crested Cormorant,2025-02-22,0.0,0
631136617,Double-crested Cormorant,2025-02-22,0.0,0
631136621,Great Blue Heron,2025-02-22,0.0,0
631136611,Hooded Merganser,2025-02-22,0.0,0
631136610,Hooded Merganser,2025-02-22,0.0,0
631136606,Common Goldeneye,2025-02-22,0.0,0
631136609,Hooded Merganser,2025-02-22,0.0,0
631136603,Bufflehead,2025-02-22,0.0,0
631136594,Ring-necked Duck,2025-02-22,0.0,0
631136595,Ring-necked Duck,2025-02-22,0.0,0
631136591,American Wigeon,2025-02-22,0.0,0
